{"cameraMode":{"drawMode":0,"name":"Shaded","section":"Shading Mode"},"sceneLighting":true,"audioPlay":false,"sceneViewState":{"showFog":true,"showMaterialUpdate":false,"showSkybox":true,"showFlares":true,"showImageEffects":true,"showParticleSystems":true},"in2DMode":false,"pivot":{"x":64.15607452392578,"y":5.4346442222595219,"z":50.38587188720703},"rotation":{"x":-0.010192206129431725,"y":0.9886159300804138,"z":-0.1297488510608673,"w":-0.07725910097360611},"size":1.146146535873413,"orthographic":false}