{"cameraMode":{"drawMode":0,"name":"Shaded","section":"Shading Mode"},"sceneLighting":true,"audioPlay":false,"sceneViewState":{"showFog":true,"showMaterialUpdate":false,"showSkybox":true,"showFlares":true,"showImageEffects":true,"showParticleSystems":true},"in2DMode":false,"pivot":{"x":53.49656677246094,"y":5.099449157714844,"z":47.99640655517578},"rotation":{"x":0.0011968283215537668,"y":0.9984971880912781,"z":-0.05096825212240219,"w":0.02396734431385994},"size":1.0874600410461426,"orthographic":false}