{"cameraMode":{"drawMode":0,"name":"Shaded","section":"Shading Mode"},"sceneLighting":false,"audioPlay":false,"sceneViewState":{"showFog":true,"showMaterialUpdate":false,"showSkybox":false,"showFlares":true,"showImageEffects":true,"showParticleSystems":true},"in2DMode":false,"pivot":{"x":94.14042663574219,"y":14.345617294311524,"z":-54.983856201171878},"rotation":{"x":-0.06015833467245102,"y":-0.9379872679710388,"z":0.27053847908973696,"w":-0.20846985280513764},"size":112.78816986083985,"orthographic":false}