{"cameraMode":{"drawMode":0,"name":"Shaded","section":"Shading Mode"},"sceneLighting":true,"audioPlay":false,"sceneViewState":{"showFog":true,"showMaterialUpdate":false,"showSkybox":true,"showFlares":true,"showImageEffects":true,"showParticleSystems":true},"in2DMode":false,"pivot":{"x":57.84267807006836,"y":5.917699813842773,"z":49.25146484375},"rotation":{"x":-0.07765112072229386,"y":0.7959775924682617,"z":-0.10444555431604386,"w":-0.5913941264152527},"size":3.694934844970703,"orthographic":false}